{
    "namespace": "server_form",
    "third_party_server_screen@common.base_screen": {
        "$screen_content": "server_form.zeqa_main_content",
        "button_mappings": [
            {
                "from_button_id": "button.menu_cancel",
                "to_button_id": "button.menu_exit",
                "mapping_type": "global"
            }
        ]
    },
    "zeqa_main_content": {
        "type": "panel",
        "size": [
            "100%",
            "100%"
        ],
        "controls": [
            {
                "server_form_factory": {
                    "type": "factory",
                    "control_ids": { 
                        "long_form": "@server_form.zeqas_long_form",
                        "custom_form": "@server_form.custom_form"
                    }
                }
            }
        ]
    },
    "zeqas_long_form": {
        "type": "panel",
        "$tienda": "     ",
        "$kits": "   ",
        "$info": "   ",
        "$job": "  ",
        "size": [
            "100%",
            "100%"
        ],
        "controls": [
            {
                "long_form@long_form": {
                    "bindings": [
                        {
                            "binding_type": "global",
                            "binding_condition": "none",
                            "binding_name": "#title_text",
                            "binding_name_override": "#title_text"
                        },
                        {
                            "source_property_name": "(((#title_text - $tienda)  = #title_text) and ((#title_text - $kits) = #title_text) and ((#title_text - $info) = #title_text)  and ((#title_text - $job) = #title_text))",
                            "binding_type": "view",
                            "target_property_name": "#visible"
                        }
                    ]
                }
            },
            {
                "zeqa_long_form@zeqa_long_form": {
                    "bindings": [
                        {
                            "binding_type": "global",
                            "binding_condition": "none",
                            "binding_name": "#title_text",
                            "binding_name_override": "#title_text"
                        },
                        {
                            "source_property_name": "(not((#title_text - $tienda) = #title_text))",
                            "binding_type": "view",
                            "target_property_name": "#visible"
                        }
                    ]
                } 
            },
            {
                "zeqa_long_form2@zeqa_long_form2": {
                    "bindings": [
                        {
                            "binding_type": "global",
                            "binding_condition": "none",
                            "binding_name": "#title_text",
                            "binding_name_override": "#title_text"
                        },
                        {
                            "source_property_name": "(not((#title_text - $kits) = #title_text))",
                            "binding_type": "view",
                            "target_property_name": "#visible"
                        }
                    ]
                } 
            },
            {
                "zeqa_long_form@zeqa_long_form3": {
                    "bindings": [
                        {
                            "binding_type": "global",
                            "binding_condition": "none",
                            "binding_name": "#title_text",
                            "binding_name_override": "#title_text"
                        },
                        {
                            "source_property_name": "(not((#title_text - $info) = #title_text))",
                            "binding_type": "view",
                            "target_property_name": "#visible"
                        }
                    ]
                } 
            },
            {
                "zeqa_long_form@zeqa_long_form4": {
                    "bindings": [
                        {
                            "binding_type": "global",
                            "binding_condition": "none",
                            "binding_name": "#title_text",
                            "binding_name_override": "#title_text"
                        },
                        {
                            "source_property_name": "(not((#title_text - $job) = #title_text))",
                            "binding_type": "view",
                            "target_property_name": "#visible"
                        }
                    ]
                } 
            }
        ]
    },
    "zeqa_long_form": {
        "type": "panel",
        "anchor_from": "center",
        "anchor_to": "center",
        "size": [
            "100% - 50px",
            "100% - 50px"
        ],
        "offset": [
            0,
            0
        ],
        "orientation": "vertical",
        "controls": [
            {
                "title": {
                    "type": "panel",
                    "anchor_from": "top_right",
                    "anchor_to": "top_right",
                    "controls": [
                        {
                            "title_text": {
                                "layer": 5,
                                "type": "label",
                                "font_type": "MinecraftSeven", 
                                "text": "#title_text",
                                "text_alignment": "center",
                                "font_scale_factor": 0.8,
                                "anchor_from": "top_middle",
                                "anchor_to": "top_middle",
                                "offset": [
                                    0,  
                                    -17
                                ],
                                "shadow": false,
                                "bindings": [
                                    {
                                        "binding_name": "#title_text",
                                        "binding_type": "global"
                                    }
                                ]
                            }
                        }, 
                        {
                            "close_button@server_form.zeqa_close_button": {
                                "anchor_from": "top_right",
                                "anchor_to": "top_right",
                                "offset": [
                                    3,
                                    -3
                                ]
                            }
                        }
                    ]
                }
            },
            {
                "contents": {
                    "size": [
                        "100%",
                        "100%"
                    ],
                    "layer": 2,
                    "type": "image",
                    "texture": "live/textures/ui/zeqaui/background",
                    "keep_ratio": false,
                    "clips_children": true,
                    "allow_clipping": true,
                    "controls": [
                        {
                            "add_panel": {
                                "type": "stack_panel",
                                "orientation": "horizontal",
                                "offset": [
                                    -2,
                                    0
                                ],
                                "anchor_to": "center",
                                "anchor_from": "center",
                                "size": [
                                    "100% -30px",
                                    "100%"
                                ],
                                "controls": [
                                    {
                                        "zeqa_scroll_panel@zeqa_scroll_panel": {}
                                    }
                                ]
                            }
                        }
                    ]
                }
            }
        ]
    },
    "zeqa_scroll_panel": {
        "type": "image",
        "size": [
            "fill",
            "100%"
        ],
        "layer": 2,
        "controls": [
            {
                "zeqa_scroll_panel_pane@zeqa_scroll_panel_pane": {
                    "size": [
                        "100%", 
                        "100%"
                    ]
                }
            }
        ]
    },
    "zeqa_scroll_panel_pane@common.scrolling_panel": {
        "size": [
            "100%",
            "100%"
        ],
        "anchor_to": "center",
        "anchor_from": "center",
        "$show_background": false,
        "$scrolling_content": "server_form.zeqa_grid",
        "$scroll_size": [
            "5px",
            "100%"
        ],
        "$scrolling_pane_size": [
            "100%",
            "100%"
        ],
        "$scrolling_pane_offset": [
            0,
            0
        ],
        "$scroll_bar_right_padding_size": [
            0,
            0
        ],
        "keep_ratio": false
    },
    "zeqa_close_button@common.close_button": {
        "$default_button_alpha": 1,
        "anchor_from": "top_right",
        "anchor_to": "top_right",
        "layer": 6,
        "controls": [
            {
                "default": {
                    "layer": 2,
                    "type": "image",
                    "texture": "live/textures/ui/zeqaui/exit",
                    "size": [
                        "100%c",
                        "100%c"
                    ],
                    "controls": [
                        {
                            "close@common.close_button_panel": {
                                "$close_button_texture": "live/textures/ui/zeqaui/exit"
                            }
                        }
                    ]
                }
            },
            {
                "hover": {
                    "layer": 3,
                    "type": "image",
                    "texture": "live/textures/ui/zeqaui/exit_hover",
                    "size": [
                        "100%c",
                        "100%c"
                    ],
                    "controls": [
                        {
                            "close@common.close_button_panel": {
                                "$close_button_texture": "live/textures/ui/zeqaui/exit_hover"
                            }
                        }
                    ]
                }
            },
            {
                "pressed": {
                    "layer": 2,
                    "type": "image",
                    "texture": "live/textures/ui/zeqaui/exit_hover",
                    "size": [
                        "100%c",
                        "100%c"
                    ],
                    "controls": [
                        {
                            "close@common.close_button_panel": {
                                "$close_button_texture": "live/textures/ui/zeqaui/exit_hover"
                            }
                        }
                    ]
                }
            }
        ]
    },
    "zeqa_rclose_button@common.close_button": {
        "$default_button_alpha": 1,
        "anchor_from": "top_right",
        "anchor_to": "top_right",
        "layer": 6,
        "offset": [
            3,
            -3
        ],
        "controls": [
            {
                "default": {
                    "layer": 2,
                    "type": "image",
                    "texture": "live/textures/ui/zeqaui/exit",
                    "size": [
                        "100%c",
                        "100%c"
                    ],
                    "controls": [
                        {
                            "close@common.close_button_panel": {
                                "$close_button_texture": "live/textures/ui/zeqaui/exit"
                            }
                        }
                    ]
                }
            },
            {
                "hover": {
                    "layer": 3,
                    "type": "image",
                    "texture": "live/textures/ui/zeqaui/exit_hover",
                    "size": [
                        "100%c",
                        "100%c"
                    ],
                    "controls": [
                        {
                            "close@common.close_button_panel": {
                                "$close_button_texture": "live/textures/ui/zeqaui/exit_hover"
                            }
                        }
                    ]
                }
            },
            {
                "pressed": {
                    "layer": 2,
                    "type": "image",
                    "texture": "live/textures/ui/zeqaui/exit_hover",
                    "size": [
                        "100%c",
                        "100%c"
                    ],
                    "controls": [
                        {
                            "close@common.close_button_panel": {
                                "$close_button_texture": "live/textures/ui/zeqaui/exit_hover"
                            }
                        }
                    ]
                }
            }
        ]
    },
    "zeqa_lclose_button@common.close_button": {
        "$default_button_alpha": 1,
        "anchor_from": "top_right",
        "anchor_to": "top_right",
        "layer": 6,
        "offset": [
            0,
            0
        ],
        "controls": [
            {
                "default": {
                    "layer": 2,
                    "type": "image",
                    "texture": "live/textures/ui/zeqaui/exit",
                    "size": [
                        "100%c",
                        "100%c"
                    ],
                    "controls": [
                        {
                            "close@common.close_button_panel": {
                                "$close_button_texture": "live/textures/ui/zeqaui/exit"
                            }
                        }
                    ]
                }
            },
            {
                "hover": {
                    "layer": 3,
                    "type": "image",
                    "texture": "live/textures/ui/zeqaui/exit_hover",
                    "size": [
                        "100%c",
                        "100%c"
                    ],
                    "controls": [
                        {
                            "close@common.close_button_panel": {
                                "$close_button_texture": "live/textures/ui/zeqaui/exit_hover"
                            }
                        }
                    ]
                }
            },
            {
                "pressed": {
                    "layer": 2,
                    "type": "image",
                    "texture": "live/textures/ui/zeqaui/exit_hover",
                    "size": [
                        "100%c",
                        "100%c"
                    ],
                    "controls": [
                        {
                            "close@common.close_button_panel": {
                                "$close_button_texture": "live/textures/ui/zeqaui/exit_hover"
                            }
                        }
                    ]
                }
            }
        ]
    },
    "zeqa_grid": {
        "type": "panel",
        "anchor_from": "top_left",
        "anchor_to": "top_left",
        "offset": [
            5,
            5
        ],
        "size": [
            "100%",
            "100%c"
        ],
        "texture": "$button_texture",
        "controls": [
            {
                "zeqa_menu_grid@server_form.zeqa_menu_grid": {}
            }
        ]
    },
    "zeqa_menu_grid": {
        "type": "grid",
        "size": [
            "100%",
            "100%c"
        ],
        "anchor_from": "top_right",
        "anchor_to": "top_right",
        "grid_item_template": "server_form.zeqa_button_size",
        "grid_rescaling_type": "horizontal",
        "collection_name": "form_buttons",
        "bindings": [
            {
                "binding_name": "#form_button_length",
                "binding_name_override": "#maximum_grid_items"
            }
        ]
    },
    "zeqa_button_size": {
        "type": "panel",
        "size": [
            90,
            90
        ],
        "anchor_from": "top_right",
        "anchor_to": "top_right",
        "controls": [
            {
                "zeqa_button": {
                    "type": "panel",
                    "size": [
                        "100%",
                        "100%"
                    ],
                    "controls": [
                        {
                            "button@common.button": {
                                "anchor_from": "top_left",
                                "anchor_to": "top_left",
                                "layer": 2,
                                "$pressed_button_name": "button.form_button_click",
                                "controls": [
                                    {
                                        "default@server_form.zeqa_buttons": {
                                            "$button_texture": "live/textures/ui/zeqaui/default_long"
                                        }
                                    },
                                    {
                                        "hover@server_form.zeqa_buttons": {
                                            "$button_texture": "live/textures/ui/zeqaui/default_hover_long"
                                        }
                                    },
                                    {
                                        "pressed@server_form.zeqa_buttons": {
                                            "$button_texture": "live/textures/ui/zeqaui/default_pressed_long"
                                        }
                                    }
                                ],
                                "bindings": [
                                    {
                                        "binding_type": "collection_details",
                                        "binding_collection_name": "form_buttons"
                                    }
                                ]
                            }
                        }
                    ]
                }
            }
        ]
    },
    "zeqa_buttons": {
        "type": "stack_panel",
        "anchor_from": "top_left",
        "anchor_to": "top_left",
        "offset": [
            0,
            14
        ],
        "size": [
            "100%-4px",
            "100% -4px"
        ],
        "orientation": "vertical",
        "texture": "$button_texture",
        "controls": [
            {
                "menu_icon": {
                    "size": [
                        "100%",
                        "fill"
                    ],
                    "layer": 2,
                    "type": "image",
                    "texture": "$button_texture",
                    "controls": [
                        {
                            "menu_icon": {
                                "type": "image",
                                "layer": 2,
                                "size": [
                                    45,
                                    45
                                ],
                                "keep_ratio": true,
                                "offset": [
                                    0,
                                    -8
                                ],
                                "bindings": [
                                    {
                                        "binding_name": "#form_button_texture",
                                        "binding_name_override": "#texture",
                                        "binding_type": "collection",
                                        "binding_collection_name": "form_buttons"
                                    },
                                    {
                                        "binding_name": "#form_button_texture_file_system",
                                        "binding_name_override": "#texture_file_system",
                                        "binding_type": "collection",
                                        "binding_collection_name": "form_buttons"
                                    },
                                    {
                                        "binding_type": "view",
                                        "source_property_name": "(not ((#texture = '') or (#texture = 'loading')))",
                                        "target_property_name": "#visible"
                                    }
                                ]
                            }
                        }
                    ]
                }
            },
            {
                "description_text2": {
                    "size": [
                        "100%",
                        0
                    ],
                    "layer": 2,
                    "type": "image",
                    "controls": [
                        {
                            "entry_description_label": {
                                "type": "label",
                                "font_type": "default",
                                "text": "#form_button_text",
                                "line_padding": 1,
                                "font_scale_factor": 0.6,
                                "text_alignment": "center",
                                "anchor_from": "top_left",
                                "anchor_to": "top_left",
                                "offset": [
                                    3,
                                    -28
                                ],
                                "size": [
                                    "100% - 6px",
                                    "default"
                                ],
                                "layer": 5,
                                "shadow": false,
                                "bindings": [
                                    {
                                        "binding_type": "collection",
                                        "binding_collection_name": "form_buttons",
                                        "binding_condition": "none",
                                        "binding_name": "#form_button_text",
                                        "binding_name_override": "#form_button_text"
                                    }
                                ]
                            }
                        }
                    ]
                }
            }
        ]
    }, //TERMINA
    "zeqa_long_form2": {
        "type": "panel",
        "anchor_from": "center",
        "anchor_to": "center",
        "size": [
            "100% - 50px",
            "100% - 50px"
        ],
        "offset": [
            0,
            0
        ],
        "orientation": "vertical",
        "controls": [
            {
                "title": {
                    "type": "panel",
                    "anchor_from": "top_right",
                    "anchor_to": "top_right",
                    "controls": [
                        {
                            "title_text": {
                                "layer": 5,
                                "type": "label",
                                "font_type": "MinecraftSeven", 
                                "text": "#title_text",
                                "text_alignment": "center",
                                "font_scale_factor": 0.8,
                                "anchor_from": "top_middle",
                                "anchor_to": "top_middle",
                                "offset": [
                                    0,  
                                    -17
                                ],
                                "shadow": false,
                                "bindings": [
                                    {
                                        "binding_name": "#title_text",
                                        "binding_type": "global"
                                    }
                                ]
                            }
                        }, 
                        {
                            "close_button@server_form.zeqa_close_button": {
                                "anchor_from": "top_right",
                                "anchor_to": "top_right",
                                "offset": [
                                    3,
                                    -3
                                ]
                            }
                        }
                    ]
                }
            },
            {
                "contents": {
                    "size": [
                        "100%",
                        "100%"
                    ],
                    "layer": 2,
                    "type": "image",
                    "texture": "live/textures/ui/zeqaui/background",
                    "keep_ratio": false,
                    "clips_children": true,
                    "allow_clipping": true,
                    "controls": [
                        {
                            "add_panel": {
                                "type": "stack_panel",
                                "orientation": "horizontal",
                                "offset": [
                                    -2,
                                    0
                                ],
                                "anchor_to": "center",
                                "anchor_from": "center",
                                "size": [
                                    "100% -30px",
                                    "100%"
                                ],
                                "controls": [
                                    {
                                        "zeqa_scroll_panel@zeqa_scroll_panel": {}
                                    }
                                ]
                            }
                        }
                    ]
                }
            }
        ]
    },
    "zeqa_scroll_panel": {
        "type": "image",
        "size": [
            "fill",
            "100%"
        ],
        "layer": 2,
        "controls": [
            {
                "zeqa_scroll_panel_pane@zeqa_scroll_panel_pane": {
                    "size": [
                        "100%", 
                        "100%"
                    ]
                }
            }
        ]
    },
    "zeqa_scroll_panel_pane@common.scrolling_panel": {
        "size": [
            "100%",
            "100%"
        ],
        "anchor_to": "center",
        "anchor_from": "center",
        "$show_background": false,
        "$scrolling_content": "server_form.zeqa_grid",
        "$scroll_size": [
            "5px",
            "100%"
        ],
        "$scrolling_pane_size": [
            "100%",
            "100%"
        ],
        "$scrolling_pane_offset": [
            0,
            0
        ],
        "$scroll_bar_right_padding_size": [
            0,
            0
        ],
        "keep_ratio": false
    },
    "zeqa_close_button@common.close_button": {
        "$default_button_alpha": 1,
        "anchor_from": "top_right",
        "anchor_to": "top_right",
        "layer": 6,
        "controls": [
            {
                "default": {
                    "layer": 2,
                    "type": "image",
                    "texture": "live/textures/ui/zeqaui/exit",
                    "size": [
                        "100%c",
                        "100%c"
                    ],
                    "controls": [
                        {
                            "close@common.close_button_panel": {
                                "$close_button_texture": "live/textures/ui/zeqaui/exit"
                            }
                        }
                    ]
                }
            },
            {
                "hover": {
                    "layer": 3,
                    "type": "image",
                    "texture": "live/textures/ui/zeqaui/exit_hover",
                    "size": [
                        "100%c",
                        "100%c"
                    ],
                    "controls": [
                        {
                            "close@common.close_button_panel": {
                                "$close_button_texture": "live/textures/ui/zeqaui/exit_hover"
                            }
                        }
                    ]
                }
            },
            {
                "pressed": {
                    "layer": 2,
                    "type": "image",
                    "texture": "live/textures/ui/zeqaui/exit_hover",
                    "size": [
                        "100%c",
                        "100%c"
                    ],
                    "controls": [
                        {
                            "close@common.close_button_panel": {
                                "$close_button_texture": "live/textures/ui/zeqaui/exit_hover"
                            }
                        }
                    ]
                }
            }
        ]
    },
    "zeqa_rclose_button@common.close_button": {
        "$default_button_alpha": 1,
        "anchor_from": "top_right",
        "anchor_to": "top_right",
        "layer": 6,
        "offset": [
            3,
            -3
        ],
        "controls": [
            {
                "default": {
                    "layer": 2,
                    "type": "image",
                    "texture": "live/textures/ui/zeqaui/exit",
                    "size": [
                        "100%c",
                        "100%c"
                    ],
                    "controls": [
                        {
                            "close@common.close_button_panel": {
                                "$close_button_texture": "live/textures/ui/zeqaui/exit"
                            }
                        }
                    ]
                }
            },
            {
                "hover": {
                    "layer": 3,
                    "type": "image",
                    "texture": "live/textures/ui/zeqaui/exit_hover",
                    "size": [
                        "100%c",
                        "100%c"
                    ],
                    "controls": [
                        {
                            "close@common.close_button_panel": {
                                "$close_button_texture": "live/textures/ui/zeqaui/exit_hover"
                            }
                        }
                    ]
                }
            },
            {
                "pressed": {
                    "layer": 2,
                    "type": "image",
                    "texture": "live/textures/ui/zeqaui/exit_hover",
                    "size": [
                        "100%c",
                        "100%c"
                    ],
                    "controls": [
                        {
                            "close@common.close_button_panel": {
                                "$close_button_texture": "live/textures/ui/zeqaui/exit_hover"
                            }
                        }
                    ]
                }
            }
        ]
    },
    "zeqa_lclose_button@common.close_button": {
        "$default_button_alpha": 1,
        "anchor_from": "top_right",
        "anchor_to": "top_right",
        "layer": 6,
        "offset": [
            0,
            0
        ],
        "controls": [
            {
                "default": {
                    "layer": 2,
                    "type": "image",
                    "texture": "live/textures/ui/zeqaui/exit",
                    "size": [
                        "100%c",
                        "100%c"
                    ],
                    "controls": [
                        {
                            "close@common.close_button_panel": {
                                "$close_button_texture": "live/textures/ui/zeqaui/exit"
                            }
                        }
                    ]
                }
            },
            {
                "hover": {
                    "layer": 3,
                    "type": "image",
                    "texture": "live/textures/ui/zeqaui/exit_hover",
                    "size": [
                        "100%c",
                        "100%c"
                    ],
                    "controls": [
                        {
                            "close@common.close_button_panel": {
                                "$close_button_texture": "live/textures/ui/zeqaui/exit_hover"
                            }
                        }
                    ]
                }
            },
            {
                "pressed": {
                    "layer": 2,
                    "type": "image",
                    "texture": "live/textures/ui/zeqaui/exit_hover",
                    "size": [
                        "100%c",
                        "100%c"
                    ],
                    "controls": [
                        {
                            "close@common.close_button_panel": {
                                "$close_button_texture": "live/textures/ui/zeqaui/exit_hover"
                            }
                        }
                    ]
                }
            }
        ]
    },
    "zeqa_grid": {
        "type": "panel",
        "anchor_from": "top_left",
        "anchor_to": "top_left",
        "offset": [
            5,
            5
        ],
        "size": [
            "100%",
            "100%c"
        ],
        "texture": "$button_texture",
        "controls": [
            {
                "zeqa_menu_grid@server_form.zeqa_menu_grid": {}
            }
        ]
    },
    "zeqa_menu_grid": {
        "type": "grid",
        "size": [
            "100%",
            "100%c"
        ],
        "anchor_from": "top_right",
        "anchor_to": "top_right",
        "grid_item_template": "server_form.zeqa_button_size",
        "grid_rescaling_type": "horizontal",
        "collection_name": "form_buttons",
        "bindings": [
            {
                "binding_name": "#form_button_length",
                "binding_name_override": "#maximum_grid_items"
            }
        ]
    },
    "zeqa_button_size": {
        "type": "panel",
        "size": [
            90,
            90
        ],
        "anchor_from": "top_right",
        "anchor_to": "top_right",
        "controls": [
            {
                "zeqa_button": {
                    "type": "panel",
                    "size": [
                        "100%",
                        "100%"
                    ],
                    "controls": [
                        {
                            "button@common.button": {
                                "anchor_from": "top_left",
                                "anchor_to": "top_left",
                                "layer": 2,
                                "$pressed_button_name": "button.form_button_click",
                                "controls": [
                                    {
                                        "default@server_form.zeqa_buttons": {
                                            "$button_texture": "live/textures/ui/zeqaui/default_long"
                                        }
                                    },
                                    {
                                        "hover@server_form.zeqa_buttons": {
                                            "$button_texture": "live/textures/ui/zeqaui/default_hover_long"
                                        }
                                    },
                                    {
                                        "pressed@server_form.zeqa_buttons": {
                                            "$button_texture": "live/textures/ui/zeqaui/default_pressed_long"
                                        }
                                    }
                                ],
                                "bindings": [
                                    {
                                        "binding_type": "collection_details",
                                        "binding_collection_name": "form_buttons"
                                    }
                                ]
                            }
                        }
                    ]
                }
            }
        ]
    },
    "zeqa_buttons": {
        "type": "stack_panel",
        "anchor_from": "top_left",
        "anchor_to": "top_left",
        "offset": [
            0,
            14
        ],
        "size": [
            "100%-4px",
            "100% -4px"
        ],
        "orientation": "vertical",
        "texture": "$button_texture",
        "controls": [
            {
                "menu_icon": {
                    "size": [
                        "100%",
                        "fill"
                    ],
                    "layer": 2,
                    "type": "image",
                    "texture": "$button_texture",
                    "controls": [
                        {
                            "menu_icon": {
                                "type": "image",
                                "layer": 2,
                                "size": [
                                    45,
                                    45
                                ],
                                "keep_ratio": true,
                                "offset": [
                                    0,
                                    -8
                                ],
                                "bindings": [
                                    {
                                        "binding_name": "#form_button_texture",
                                        "binding_name_override": "#texture",
                                        "binding_type": "collection",
                                        "binding_collection_name": "form_buttons"
                                    },
                                    {
                                        "binding_name": "#form_button_texture_file_system",
                                        "binding_name_override": "#texture_file_system",
                                        "binding_type": "collection",
                                        "binding_collection_name": "form_buttons"
                                    },
                                    {
                                        "binding_type": "view",
                                        "source_property_name": "(not ((#texture = '') or (#texture = 'loading')))",
                                        "target_property_name": "#visible"
                                    }
                                ]
                            }
                        }
                    ]
                }
            },
            {
                "description_text2": {
                    "size": [
                        "100%",
                        0
                    ],
                    "layer": 2,
                    "type": "image",
                    "controls": [
                        {
                            "entry_description_label": {
                                "type": "label",
                                "font_type": "default",
                                "text": "#form_button_text",
                                "line_padding": 1,
                                "font_scale_factor": 0.6,
                                "text_alignment": "center",
                                "anchor_from": "top_left",
                                "anchor_to": "top_left",
                                "offset": [
                                    3,
                                    -28
                                ],
                                "size": [
                                    "100% - 6px",
                                    "default"
                                ],
                                "layer": 5,
                                "shadow": false,
                                "bindings": [
                                    {
                                        "binding_type": "collection",
                                        "binding_collection_name": "form_buttons",
                                        "binding_condition": "none",
                                        "binding_name": "#form_button_text",
                                        "binding_name_override": "#form_button_text"
                                    }
                                ]
                            }
                        }
                    ]
                }
            }
        ]
    }, //TERMINA2
    "zeqa_long_form3": {
        "type": "panel",
        "anchor_from": "center",
        "anchor_to": "center",
        "size": [
            "100% - 50px",
            "100% - 50px"
        ],
        "offset": [
            0,
            0
        ],
        "orientation": "vertical",
        "controls": [
            {
                "title": {
                    "type": "panel",
                    "anchor_from": "top_right",
                    "anchor_to": "top_right",
                    "controls": [
                        {
                            "title_text": {
                                "layer": 5,
                                "type": "label",
                                "font_type": "MinecraftSeven", 
                                "text": "#title_text",
                                "text_alignment": "center",
                                "font_scale_factor": 0.8,
                                "anchor_from": "top_middle",
                                "anchor_to": "top_middle",
                                "offset": [
                                    0,  
                                    -17
                                ],
                                "shadow": false,
                                "bindings": [
                                    {
                                        "binding_name": "#title_text",
                                        "binding_type": "global"
                                    }
                                ]
                            }
                        }, 
                        {
                            "close_button@server_form.zeqa_close_button": {
                                "anchor_from": "top_right",
                                "anchor_to": "top_right",
                                "offset": [
                                    3,
                                    -3
                                ]
                            }
                        }
                    ]
                }
            },
            {
                "contents": {
                    "size": [
                        "100%",
                        "100%"
                    ],
                    "layer": 2,
                    "type": "image",
                    "texture": "live/textures/ui/zeqaui/background",
                    "keep_ratio": false,
                    "clips_children": true,
                    "allow_clipping": true,
                    "controls": [
                        {
                            "add_panel": {
                                "type": "stack_panel",
                                "orientation": "horizontal",
                                "offset": [
                                    -2,
                                    0
                                ],
                                "anchor_to": "center",
                                "anchor_from": "center",
                                "size": [
                                    "100% -30px",
                                    "100%"
                                ],
                                "controls": [
                                    {
                                        "zeqa_scroll_panel@zeqa_scroll_panel": {}
                                    }
                                ]
                            }
                        }
                    ]
                }
            }
        ]
    },
    "zeqa_scroll_panel": {
        "type": "image",
        "size": [
            "fill",
            "100%"
        ],
        "layer": 2,
        "controls": [
            {
                "zeqa_scroll_panel_pane@zeqa_scroll_panel_pane": {
                    "size": [
                        "100%", 
                        "100%"
                    ]
                }
            }
        ]
    },
    "zeqa_scroll_panel_pane@common.scrolling_panel": {
        "size": [
            "100%",
            "100%"
        ],
        "anchor_to": "center",
        "anchor_from": "center",
        "$show_background": false,
        "$scrolling_content": "server_form.zeqa_grid",
        "$scroll_size": [
            "5px",
            "100%"
        ],
        "$scrolling_pane_size": [
            "100%",
            "100%"
        ],
        "$scrolling_pane_offset": [
            0,
            0
        ],
        "$scroll_bar_right_padding_size": [
            0,
            0
        ],
        "keep_ratio": false
    },
    "zeqa_close_button@common.close_button": {
        "$default_button_alpha": 1,
        "anchor_from": "top_right",
        "anchor_to": "top_right",
        "layer": 6,
        "controls": [
            {
                "default": {
                    "layer": 2,
                    "type": "image",
                    "texture": "live/textures/ui/zeqaui/exit",
                    "size": [
                        "100%c",
                        "100%c"
                    ],
                    "controls": [
                        {
                            "close@common.close_button_panel": {
                                "$close_button_texture": "live/textures/ui/zeqaui/exit"
                            }
                        }
                    ]
                }
            },
            {
                "hover": {
                    "layer": 3,
                    "type": "image",
                    "texture": "live/textures/ui/zeqaui/exit_hover",
                    "size": [
                        "100%c",
                        "100%c"
                    ],
                    "controls": [
                        {
                            "close@common.close_button_panel": {
                                "$close_button_texture": "live/textures/ui/zeqaui/exit_hover"
                            }
                        }
                    ]
                }
            },
            {
                "pressed": {
                    "layer": 2,
                    "type": "image",
                    "texture": "live/textures/ui/zeqaui/exit_hover",
                    "size": [
                        "100%c",
                        "100%c"
                    ],
                    "controls": [
                        {
                            "close@common.close_button_panel": {
                                "$close_button_texture": "live/textures/ui/zeqaui/exit_hover"
                            }
                        }
                    ]
                }
            }
        ]
    },
    "zeqa_rclose_button@common.close_button": {
        "$default_button_alpha": 1,
        "anchor_from": "top_right",
        "anchor_to": "top_right",
        "layer": 6,
        "offset": [
            3,
            -3
        ],
        "controls": [
            {
                "default": {
                    "layer": 2,
                    "type": "image",
                    "texture": "live/textures/ui/zeqaui/exit",
                    "size": [
                        "100%c",
                        "100%c"
                    ],
                    "controls": [
                        {
                            "close@common.close_button_panel": {
                                "$close_button_texture": "live/textures/ui/zeqaui/exit"
                            }
                        }
                    ]
                }
            },
            {
                "hover": {
                    "layer": 3,
                    "type": "image",
                    "texture": "live/textures/ui/zeqaui/exit_hover",
                    "size": [
                        "100%c",
                        "100%c"
                    ],
                    "controls": [
                        {
                            "close@common.close_button_panel": {
                                "$close_button_texture": "live/textures/ui/zeqaui/exit_hover"
                            }
                        }
                    ]
                }
            },
            {
                "pressed": {
                    "layer": 2,
                    "type": "image",
                    "texture": "live/textures/ui/zeqaui/exit_hover",
                    "size": [
                        "100%c",
                        "100%c"
                    ],
                    "controls": [
                        {
                            "close@common.close_button_panel": {
                                "$close_button_texture": "live/textures/ui/zeqaui/exit_hover"
                            }
                        }
                    ]
                }
            }
        ]
    },
    "zeqa_lclose_button@common.close_button": {
        "$default_button_alpha": 1,
        "anchor_from": "top_right",
        "anchor_to": "top_right",
        "layer": 6,
        "offset": [
            0,
            0
        ],
        "controls": [
            {
                "default": {
                    "layer": 2,
                    "type": "image",
                    "texture": "live/textures/ui/zeqaui/exit",
                    "size": [
                        "100%c",
                        "100%c"
                    ],
                    "controls": [
                        {
                            "close@common.close_button_panel": {
                                "$close_button_texture": "live/textures/ui/zeqaui/exit"
                            }
                        }
                    ]
                }
            },
            {
                "hover": {
                    "layer": 3,
                    "type": "image",
                    "texture": "live/textures/ui/zeqaui/exit_hover",
                    "size": [
                        "100%c",
                        "100%c"
                    ],
                    "controls": [
                        {
                            "close@common.close_button_panel": {
                                "$close_button_texture": "live/textures/ui/zeqaui/exit_hover"
                            }
                        }
                    ]
                }
            },
            {
                "pressed": {
                    "layer": 2,
                    "type": "image",
                    "texture": "live/textures/ui/zeqaui/exit_hover",
                    "size": [
                        "100%c",
                        "100%c"
                    ],
                    "controls": [
                        {
                            "close@common.close_button_panel": {
                                "$close_button_texture": "live/textures/ui/zeqaui/exit_hover"
                            }
                        }
                    ]
                }
            }
        ]
    },
    "zeqa_grid": {
        "type": "panel",
        "anchor_from": "top_left",
        "anchor_to": "top_left",
        "offset": [
            5,
            5
        ],
        "size": [
            "100%",
            "100%c"
        ],
        "texture": "$button_texture",
        "controls": [
            {
                "zeqa_menu_grid@server_form.zeqa_menu_grid": {}
            }
        ]
    },
    "zeqa_menu_grid": {
        "type": "grid",
        "size": [
            "100%",
            "100%c"
        ],
        "anchor_from": "top_right",
        "anchor_to": "top_right",
        "grid_item_template": "server_form.zeqa_button_size",
        "grid_rescaling_type": "horizontal",
        "collection_name": "form_buttons",
        "bindings": [
            {
                "binding_name": "#form_button_length",
                "binding_name_override": "#maximum_grid_items"
            }
        ]
    },
    "zeqa_button_size": {
        "type": "panel",
        "size": [
            90,
            90
        ],
        "anchor_from": "top_right",
        "anchor_to": "top_right",
        "controls": [
            {
                "zeqa_button": {
                    "type": "panel",
                    "size": [
                        "100%",
                        "100%"
                    ],
                    "controls": [
                        {
                            "button@common.button": {
                                "anchor_from": "top_left",
                                "anchor_to": "top_left",
                                "layer": 2,
                                "$pressed_button_name": "button.form_button_click",
                                "controls": [
                                    {
                                        "default@server_form.zeqa_buttons": {
                                            "$button_texture": "live/textures/ui/zeqaui/default_long"
                                        }
                                    },
                                    {
                                        "hover@server_form.zeqa_buttons": {
                                            "$button_texture": "live/textures/ui/zeqaui/default_hover_long"
                                        }
                                    },
                                    {
                                        "pressed@server_form.zeqa_buttons": {
                                            "$button_texture": "live/textures/ui/zeqaui/default_pressed_long"
                                        }
                                    }
                                ],
                                "bindings": [
                                    {
                                        "binding_type": "collection_details",
                                        "binding_collection_name": "form_buttons"
                                    }
                                ]
                            }
                        }
                    ]
                }
            }
        ]
    },
    "zeqa_buttons": {
        "type": "stack_panel",
        "anchor_from": "top_left",
        "anchor_to": "top_left",
        "offset": [
            0,
            14
        ],
        "size": [
            "100%-4px",
            "100% -4px"
        ],
        "orientation": "vertical",
        "texture": "$button_texture",
        "controls": [
            {
                "menu_icon": {
                    "size": [
                        "100%",
                        "fill"
                    ],
                    "layer": 2,
                    "type": "image",
                    "texture": "$button_texture",
                    "controls": [
                        {
                            "menu_icon": {
                                "type": "image",
                                "layer": 2,
                                "size": [
                                    45,
                                    45
                                ],
                                "keep_ratio": true,
                                "offset": [
                                    0,
                                    -8
                                ],
                                "bindings": [
                                    {
                                        "binding_name": "#form_button_texture",
                                        "binding_name_override": "#texture",
                                        "binding_type": "collection",
                                        "binding_collection_name": "form_buttons"
                                    },
                                    {
                                        "binding_name": "#form_button_texture_file_system",
                                        "binding_name_override": "#texture_file_system",
                                        "binding_type": "collection",
                                        "binding_collection_name": "form_buttons"
                                    },
                                    {
                                        "binding_type": "view",
                                        "source_property_name": "(not ((#texture = '') or (#texture = 'loading')))",
                                        "target_property_name": "#visible"
                                    }
                                ]
                            }
                        }
                    ]
                }
            },
            {
                "description_text2": {
                    "size": [
                        "100%",
                        0
                    ],
                    "layer": 2,
                    "type": "image",
                    "controls": [
                        {
                            "entry_description_label": {
                                "type": "label",
                                "font_type": "default",
                                "text": "#form_button_text",
                                "line_padding": 1,
                                "font_scale_factor": 0.6,
                                "text_alignment": "center",
                                "anchor_from": "top_left",
                                "anchor_to": "top_left",
                                "offset": [
                                    3,
                                    -28
                                ],
                                "size": [
                                    "100% - 6px",
                                    "default"
                                ],
                                "layer": 5,
                                "shadow": false,
                                "bindings": [
                                    {
                                        "binding_type": "collection",
                                        "binding_collection_name": "form_buttons",
                                        "binding_condition": "none",
                                        "binding_name": "#form_button_text",
                                        "binding_name_override": "#form_button_text"
                                    }
                                ]
                            }
                        }
                    ]
                }
            }
        ]
    }, //TERMINA3
    "zeqa_long_form4": {
        "type": "panel",
        "anchor_from": "center",
        "anchor_to": "center",
        "size": [
            "100% - 50px",
            "100% - 50px"
        ],
        "offset": [
            0,
            0
        ],
        "orientation": "vertical",
        "controls": [
            {
                "title": {
                    "type": "panel",
                    "anchor_from": "top_right",
                    "anchor_to": "top_right",
                    "controls": [
                        {
                            "title_text": {
                                "layer": 5,
                                "type": "label",
                                "font_type": "MinecraftSeven", 
                                "text": "#title_text",
                                "text_alignment": "center",
                                "font_scale_factor": 0.8,
                                "anchor_from": "top_middle",
                                "anchor_to": "top_middle",
                                "offset": [
                                    0,  
                                    -17
                                ],
                                "shadow": false,
                                "bindings": [
                                    {
                                        "binding_name": "#title_text",
                                        "binding_type": "global"
                                    }
                                ]
                            }
                        }, 
                        {
                            "close_button@server_form.zeqa_close_button": {
                                "anchor_from": "top_right",
                                "anchor_to": "top_right",
                                "offset": [
                                    3,
                                    -3
                                ]
                            }
                        }
                    ]
                }
            },
            {
                "contents": {
                    "size": [
                        "100%",
                        "100%"
                    ],
                    "layer": 2,
                    "type": "image",
                    "texture": "live/textures/ui/zeqaui/background",
                    "keep_ratio": false,
                    "clips_children": true,
                    "allow_clipping": true,
                    "controls": [
                        {
                            "add_panel": {
                                "type": "stack_panel",
                                "orientation": "horizontal",
                                "offset": [
                                    -2,
                                    0
                                ],
                                "anchor_to": "center",
                                "anchor_from": "center",
                                "size": [
                                    "100% -30px",
                                    "100%"
                                ],
                                "controls": [
                                    {
                                        "zeqa_scroll_panel@zeqa_scroll_panel": {}
                                    }
                                ]
                            }
                        }
                    ]
                }
            }
        ]
    },
    "zeqa_scroll_panel": {
        "type": "image",
        "size": [
            "fill",
            "100%"
        ],
        "layer": 2,
        "controls": [
            {
                "zeqa_scroll_panel_pane@zeqa_scroll_panel_pane": {
                    "size": [
                        "100%", 
                        "100%"
                    ]
                }
            }
        ]
    },
    "zeqa_scroll_panel_pane@common.scrolling_panel": {
        "size": [
            "100%",
            "100%"
        ],
        "anchor_to": "center",
        "anchor_from": "center",
        "$show_background": false,
        "$scrolling_content": "server_form.zeqa_grid",
        "$scroll_size": [
            "5px",
            "100%"
        ],
        "$scrolling_pane_size": [
            "100%",
            "100%"
        ],
        "$scrolling_pane_offset": [
            0,
            0
        ],
        "$scroll_bar_right_padding_size": [
            0,
            0
        ],
        "keep_ratio": false
    },
    "zeqa_close_button@common.close_button": {
        "$default_button_alpha": 1,
        "anchor_from": "top_right",
        "anchor_to": "top_right",
        "layer": 6,
        "controls": [
            {
                "default": {
                    "layer": 2,
                    "type": "image",
                    "texture": "live/textures/ui/zeqaui/exit",
                    "size": [
                        "100%c",
                        "100%c"
                    ],
                    "controls": [
                        {
                            "close@common.close_button_panel": {
                                "$close_button_texture": "live/textures/ui/zeqaui/exit"
                            }
                        }
                    ]
                }
            },
            {
                "hover": {
                    "layer": 3,
                    "type": "image",
                    "texture": "live/textures/ui/zeqaui/exit_hover",
                    "size": [
                        "100%c",
                        "100%c"
                    ],
                    "controls": [
                        {
                            "close@common.close_button_panel": {
                                "$close_button_texture": "live/textures/ui/zeqaui/exit_hover"
                            }
                        }
                    ]
                }
            },
            {
                "pressed": {
                    "layer": 2,
                    "type": "image",
                    "texture": "live/textures/ui/zeqaui/exit_hover",
                    "size": [
                        "100%c",
                        "100%c"
                    ],
                    "controls": [
                        {
                            "close@common.close_button_panel": {
                                "$close_button_texture": "live/textures/ui/zeqaui/exit_hover"
                            }
                        }
                    ]
                }
            }
        ]
    },
    "zeqa_rclose_button@common.close_button": {
        "$default_button_alpha": 1,
        "anchor_from": "top_right",
        "anchor_to": "top_right",
        "layer": 6,
        "offset": [
            3,
            -3
        ],
        "controls": [
            {
                "default": {
                    "layer": 2,
                    "type": "image",
                    "texture": "live/textures/ui/zeqaui/exit",
                    "size": [
                        "100%c",
                        "100%c"
                    ],
                    "controls": [
                        {
                            "close@common.close_button_panel": {
                                "$close_button_texture": "live/textures/ui/zeqaui/exit"
                            }
                        }
                    ]
                }
            },
            {
                "hover": {
                    "layer": 3,
                    "type": "image",
                    "texture": "live/textures/ui/zeqaui/exit_hover",
                    "size": [
                        "100%c",
                        "100%c"
                    ],
                    "controls": [
                        {
                            "close@common.close_button_panel": {
                                "$close_button_texture": "live/textures/ui/zeqaui/exit_hover"
                            }
                        }
                    ]
                }
            },
            {
                "pressed": {
                    "layer": 2,
                    "type": "image",
                    "texture": "live/textures/ui/zeqaui/exit_hover",
                    "size": [
                        "100%c",
                        "100%c"
                    ],
                    "controls": [
                        {
                            "close@common.close_button_panel": {
                                "$close_button_texture": "live/textures/ui/zeqaui/exit_hover"
                            }
                        }
                    ]
                }
            }
        ]
    },
    "zeqa_lclose_button@common.close_button": {
        "$default_button_alpha": 1,
        "anchor_from": "top_right",
        "anchor_to": "top_right",
        "layer": 6,
        "offset": [
            0,
            0
        ],
        "controls": [
            {
                "default": {
                    "layer": 2,
                    "type": "image",
                    "texture": "live/textures/ui/zeqaui/exit",
                    "size": [
                        "100%c",
                        "100%c"
                    ],
                    "controls": [
                        {
                            "close@common.close_button_panel": {
                                "$close_button_texture": "live/textures/ui/zeqaui/exit"
                            }
                        }
                    ]
                }
            },
            {
                "hover": {
                    "layer": 3,
                    "type": "image",
                    "texture": "live/textures/ui/zeqaui/exit_hover",
                    "size": [
                        "100%c",
                        "100%c"
                    ],
                    "controls": [
                        {
                            "close@common.close_button_panel": {
                                "$close_button_texture": "live/textures/ui/zeqaui/exit_hover"
                            }
                        }
                    ]
                }
            },
            {
                "pressed": {
                    "layer": 2,
                    "type": "image",
                    "texture": "live/textures/ui/zeqaui/exit_hover",
                    "size": [
                        "100%c",
                        "100%c"
                    ],
                    "controls": [
                        {
                            "close@common.close_button_panel": {
                                "$close_button_texture": "live/textures/ui/zeqaui/exit_hover"
                            }
                        }
                    ]
                }
            }
        ]
    },
    "zeqa_grid": {
        "type": "panel",
        "anchor_from": "top_left",
        "anchor_to": "top_left",
        "offset": [
            5,
            5
        ],
        "size": [
            "100%",
            "100%c"
        ],
        "texture": "$button_texture",
        "controls": [
            {
                "zeqa_menu_grid@server_form.zeqa_menu_grid": {}
            }
        ]
    },
    "zeqa_menu_grid": {
        "type": "grid",
        "size": [
            "100%",
            "100%c"
        ],
        "anchor_from": "top_right",
        "anchor_to": "top_right",
        "grid_item_template": "server_form.zeqa_button_size",
        "grid_rescaling_type": "horizontal",
        "collection_name": "form_buttons",
        "bindings": [
            {
                "binding_name": "#form_button_length",
                "binding_name_override": "#maximum_grid_items"
            }
        ]
    },
    "zeqa_button_size": {
        "type": "panel",
        "size": [
            90,
            90
        ],
        "anchor_from": "top_right",
        "anchor_to": "top_right",
        "controls": [
            {
                "zeqa_button": {
                    "type": "panel",
                    "size": [
                        "100%",
                        "100%"
                    ],
                    "controls": [
                        {
                            "button@common.button": {
                                "anchor_from": "top_left",
                                "anchor_to": "top_left",
                                "layer": 2,
                                "$pressed_button_name": "button.form_button_click",
                                "controls": [
                                    {
                                        "default@server_form.zeqa_buttons": {
                                            "$button_texture": "live/textures/ui/zeqaui/default_long"
                                        }
                                    },
                                    {
                                        "hover@server_form.zeqa_buttons": {
                                            "$button_texture": "live/textures/ui/zeqaui/default_hover_long"
                                        }
                                    },
                                    {
                                        "pressed@server_form.zeqa_buttons": {
                                            "$button_texture": "live/textures/ui/zeqaui/default_pressed_long"
                                        }
                                    }
                                ],
                                "bindings": [
                                    {
                                        "binding_type": "collection_details",
                                        "binding_collection_name": "form_buttons"
                                    }
                                ]
                            }
                        }
                    ]
                }
            }
        ]
    },
    "zeqa_buttons": {
        "type": "stack_panel",
        "anchor_from": "top_left",
        "anchor_to": "top_left",
        "offset": [
            0,
            14
        ],
        "size": [
            "100%-4px",
            "100% -4px"
        ],
        "orientation": "vertical",
        "texture": "$button_texture",
        "controls": [
            {
                "menu_icon": {
                    "size": [
                        "100%",
                        "fill"
                    ],
                    "layer": 2,
                    "type": "image",
                    "texture": "$button_texture",
                    "controls": [
                        {
                            "menu_icon": {
                                "type": "image",
                                "layer": 2,
                                "size": [
                                    45,
                                    45
                                ],
                                "keep_ratio": true,
                                "offset": [
                                    0,
                                    -8
                                ],
                                "bindings": [
                                    {
                                        "binding_name": "#form_button_texture",
                                        "binding_name_override": "#texture",
                                        "binding_type": "collection",
                                        "binding_collection_name": "form_buttons"
                                    },
                                    {
                                        "binding_name": "#form_button_texture_file_system",
                                        "binding_name_override": "#texture_file_system",
                                        "binding_type": "collection",
                                        "binding_collection_name": "form_buttons"
                                    },
                                    {
                                        "binding_type": "view",
                                        "source_property_name": "(not ((#texture = '') or (#texture = 'loading')))",
                                        "target_property_name": "#visible"
                                    }
                                ]
                            }
                        }
                    ]
                }
            },
            {
                "description_text2": {
                    "size": [
                        "100%",
                        0
                    ],
                    "layer": 2,
                    "type": "image",
                    "controls": [
                        {
                            "entry_description_label": {
                                "type": "label",
                                "font_type": "default",
                                "text": "#form_button_text",
                                "line_padding": 1,
                                "font_scale_factor": 0.6,
                                "text_alignment": "center",
                                "anchor_from": "top_left",
                                "anchor_to": "top_left",
                                "offset": [
                                    3,
                                    -28
                                ],
                                "size": [
                                    "100% - 6px",
                                    "default"
                                ],
                                "layer": 5,
                                "shadow": false,
                                "bindings": [
                                    {
                                        "binding_type": "collection",
                                        "binding_collection_name": "form_buttons",
                                        "binding_condition": "none",
                                        "binding_name": "#form_button_text",
                                        "binding_name_override": "#form_button_text"
                                    }
                                ]
                            }
                        }
                    ]
                }
            }
        ]
    } //TERMINA4
}
