{
    "resource_pack_name": "§7Zeqa Network's Official Pack",
    "texture_name": "atlas.items",
    "texture_data": {
        "zeqa": {
            "textures": "live/textures/bots"
        },
        "duels": {
            "textures": "live/textures/duels"
        },
        "ffa": {
            "textures": "live/textures/ffa"
        },
        "event": {
            "textures": "live/textures/event"
        },
        "party": {
            "textures": "live/textures/party"
        },
        "settings": {
            "textures": "live/textures/settings"
        },
        "shop": {
            "textures": "live/textures/shop"
        },
        "spectate": {
            "textures": "live/textures/spectate"
        }
    }
}